TagsConcatenated,ProjectName,AssigneeLogin,Complexity,EstimationError,SuccessGrade,IssueType,Summary,ReviewRefuses,TestRefuses,IdReadable
React,Average project,Mark_Davis,Middle,0.5,3,Feature,Страница регистрации,0,0,AVG-8
Dotnet,Average project,Ron_Alexander,Middle,-0.08333333333333337,4,Feature,API внутренней регистрации,0,0,AVG-4
"Dotnet,Postges",Average project,James_Taylor,Middle,0,5,Feature,Схема БД для сервиса авторизации,0,0,AVG-5
Dotnet,Average project,Dale_Marshall,Junior,0,5,Feature,API внутренней авторизации,0,2,AVG-6
React,Average project,Rafael_Welch,Senior,-0.125,5,Feature,Реализовать шаблон приложения и настроить алгоритм связи с бекендом,0,0,AVG-7
"Postges,DevOps",Average project,Adam_Lucas,Senior,-0.25,4,Task,Развернуть dev окружение,0,0,AVG-11
React,Average project,Joe_Cobb,Junior,0,5,Feature,Страница авторизации,0,0,AVG-9
DevOps,Average project,Adam_Lucas,Senior,-0.125,5,Task,Настроить gitlab cicd,0,0,AVG-10
"React,Dotnet",Average project,Joe_Cobb,Middle,-0.07,4,Feature,sample,0,2,AVG-01
React,Average project,Joe_Cobb,Middle,0.05,3,Bug,sample,1,2,AVG-02
Dotnet,Average project,Joe_Cobb,Senior,0.01,5,Feature,sample,1,0,AVG-03
"React,Dotnet",Average project,Joe_Cobb,Junior,0.09,4,Feature,sample,2,1,AVG-04
React,Average project,Joe_Cobb,Junior,-0.11,3,Bug,sample,2,0,AVG-05
Dotnet,Average project,Joe_Cobb,Junior,0.03,5,Task,sample,0,0,AVG-06
Dotnet,Average project,Joe_Cobb,Middle,-0.18,3,Feature,sample,1,1,AVG-07
"React,Dotnet",Average project,Joe_Cobb,Junior,0.15,4,Task,sample,1,1,AVG-08
"React,Dotnet",Average project,Joe_Cobb,Senior,0,4,Feature,sample,0,1,AVG-09
"Dotnet,React",Average project,Joe_Cobb,Middle,0.06,4,Task,sample,2,1,AVG-010
React,Average project,Joe_Cobb,Middle,-0.07,4,Bug,sample,1,1,AVG-011
"React,Dotnet",Average project,Joe_Cobb,Senior,0.09,5,Bug,sample,1,0,AVG-012
"Dotnet,React",Average project,Joe_Cobb,Junior,0.01,5,Bug,sample,1,0,AVG-013
"React,Dotnet",Average project,Joe_Cobb,Middle,0.19,3,Feature,sample,2,0,AVG-014
React,Average project,Joe_Cobb,Middle,0.27,3,Bug,sample,2,0,AVG-015
React,Average project,Joe_Cobb,Middle,-0.07,5,Bug,sample,0,0,AVG-016
Dotnet,Average project,Joe_Cobb,Junior,0,3,Feature,sample,1,3,AVG-017
React,Average project,Joe_Cobb,Middle,0.04,5,Feature,sample,1,0,AVG-018
"Dotnet,React",Average project,Joe_Cobb,Junior,0.14,4,Feature,sample,1,1,AVG-019
React,Average project,Joe_Cobb,Middle,0.07,4,Feature,sample,0,1,AVG-020
Dotnet,Average project,Joe_Cobb,Middle,0.05,4,Feature,sample,0,0,AVG-021
React,Average project,Joe_Cobb,Middle,0.03,4,Bug,sample,2,1,AVG-022
"React,Dotnet",Average project,Joe_Cobb,Middle,0.11,4,Feature,sample,1,1,AVG-023
React,Average project,Joe_Cobb,Middle,0.19,3,Task,sample,1,3,AVG-024
"React,Dotnet",Average project,Joe_Cobb,Middle,-0.02,4,Bug,sample,1,1,AVG-025
"Dotnet,React",Average project,Joe_Cobb,Middle,0.15,4,Feature,sample,1,1,AVG-026
"Dotnet,React",Average project,Joe_Cobb,Junior,-0.18,3,Feature,sample,1,2,AVG-027
"Dotnet,React",Average project,Joe_Cobb,Junior,-0.03,5,Bug,sample,1,0,AVG-028
Dotnet,Average project,Joe_Cobb,Junior,-0.03,5,Bug,sample,0,0,AVG-029
"Dotnet,React",Average project,Joe_Cobb,Middle,0.09,4,Bug,sample,0,1,AVG-030
React,Average project,Joe_Cobb,Middle,0.05,5,Bug,sample,1,0,AVG-031
"React,Dotnet",Average project,Joe_Cobb,Middle,-0.04,4,Feature,sample,1,1,AVG-032
"Dotnet,React",Average project,Joe_Cobb,Middle,-0.01,5,Task,sample,0,1,AVG-033
React,Average project,Joe_Cobb,Middle,0.13,4,Task,sample,1,1,AVG-034
"React,Dotnet",Average project,Joe_Cobb,Junior,0.08,4,Task,sample,2,1,AVG-035
React,Average project,Joe_Cobb,Middle,-0.07,4,Feature,sample,2,1,AVG-036
"Dotnet,React",Average project,Joe_Cobb,Middle,-0.11,3,Feature,sample,3,1,AVG-037
"Dotnet,React",Average project,Joe_Cobb,Middle,-0.01,4,Feature,sample,2,1,AVG-038
"React,Dotnet",Average project,Joe_Cobb,Junior,0.06,4,Feature,sample,1,1,AVG-039
"React,Dotnet",Average project,Joe_Cobb,Middle,0.08,3,Bug,sample,3,0,AVG-040
React,Average project,Joe_Cobb,Senior,-0.08,3,Feature,sample,2,0,AVG-041
"React,Dotnet",Average project,Joe_Cobb,Senior,-0.1,5,Feature,sample,1,0,AVG-042
React,Average project,Joe_Cobb,Junior,-0.01,4,Feature,sample,0,1,AVG-043
"React,Dotnet",Average project,Joe_Cobb,Senior,0.02,5,Feature,sample,1,0,AVG-044
React,Average project,Joe_Cobb,Senior,-0.05,3,Feature,sample,3,0,AVG-045
"Dotnet,React",Average project,Joe_Cobb,Senior,0,5,Bug,sample,1,0,AVG-046
React,Average project,Joe_Cobb,Middle,-0.06,4,Feature,sample,2,1,AVG-047
React,Average project,Joe_Cobb,Middle,0.03,5,Bug,sample,0,1,AVG-048
Dotnet,Average project,Joe_Cobb,Junior,-0.05,4,Feature,sample,1,1,AVG-049
"Dotnet,React",Average project,Joe_Cobb,Middle,-0.06,5,Task,sample,1,0,AVG-050
"Dotnet,React",Average project,Joe_Cobb,Junior,0.02,5,Task,sample,1,0,AVG-051
Dotnet,Average project,Joe_Cobb,Senior,0.15,3,Task,sample,2,0,AVG-052
"Dotnet,React",Average project,Joe_Cobb,Junior,-0.04,4,Bug,sample,2,1,AVG-053
Dotnet,Average project,Joe_Cobb,Senior,-0.08,5,Bug,sample,1,0,AVG-054
React,Average project,Joe_Cobb,Junior,-0.02,4,Feature,sample,1,1,AVG-055
"React,Dotnet",Average project,Joe_Cobb,Middle,0.03,5,Task,sample,1,0,AVG-056
"React,Dotnet",Average project,Joe_Cobb,Middle,-0.05,5,Feature,sample,0,0,AVG-057
"Dotnet,React",Average project,Joe_Cobb,Middle,-0.01,5,Bug,sample,1,0,AVG-058
React,Average project,Joe_Cobb,Senior,-0.05,4,Feature,sample,2,1,AVG-059
Dotnet,Average project,Joe_Cobb,Junior,-0.06,4,Feature,sample,1,1,AVG-060
Dotnet,Average project,Joe_Cobb,Senior,-0.1,4,Task,sample,2,1,AVG-061
React,Average project,Joe_Cobb,Middle,0.06,3,Feature,sample,3,0,AVG-062
"React,Dotnet",Average project,Joe_Cobb,Middle,0.16,4,Task,sample,1,1,AVG-063
Dotnet,Average project,Joe_Cobb,Middle,-0.07,5,Feature,sample,0,0,AVG-064
"React,Dotnet",Average project,Joe_Cobb,Middle,0.07,3,Feature,sample,2,0,AVG-065
"Dotnet,React",Average project,Joe_Cobb,Senior,0.05,4,Feature,sample,1,1,AVG-066
React,Average project,Joe_Cobb,Senior,-0.18,3,Bug,sample,1,1,AVG-067
React,Average project,Joe_Cobb,Junior,0.07,5,Feature,sample,1,0,AVG-068
"Dotnet,React",Average project,Joe_Cobb,Senior,0.19,4,Feature,sample,2,1,AVG-069
React,Average project,Joe_Cobb,Middle,-0.01,4,Feature,sample,2,1,AVG-070
Dotnet,Average project,Joe_Cobb,Middle,0.04,4,Task,sample,2,1,AVG-071
"React,Dotnet",Average project,Joe_Cobb,Middle,0.02,5,Task,sample,1,0,AVG-072
"React,Dotnet",Average project,Joe_Cobb,Junior,0.12,3,Task,sample,3,0,AVG-073
"Dotnet,React",Average project,Joe_Cobb,Middle,0.03,4,Task,sample,1,1,AVG-074
React,Average project,Joe_Cobb,Middle,0.05,4,Task,sample,0,0,AVG-075
"React,Dotnet",Average project,Joe_Cobb,Middle,-0.03,5,Bug,sample,0,1,AVG-076
"React,Dotnet",Average project,Joe_Cobb,Senior,0,4,Task,sample,1,1,AVG-077
React,Average project,Joe_Cobb,Senior,0.05,5,Bug,sample,0,1,AVG-078
"React,Dotnet",Average project,Joe_Cobb,Junior,0.05,5,Feature,sample,1,0,AVG-079
Dotnet,Average project,Joe_Cobb,Middle,-0.04,5,Bug,sample,0,0,AVG-080
Dotnet,Average project,Joe_Cobb,Senior,-0.89,1,Bug,sample,6,5,AVG-081
"Dotnet,Postgres",Average project,Joe_Cobb,Junior,0.53,2,Feature,sample,2,3,AVG-082
DevOps,Average project,Joe_Cobb,Senior,-0.26,1,Task,sample,6,4,AVG-083
"Dotnet,Postgres",Average project,Joe_Cobb,Middle,1.29,1,Bug,sample,4,3,AVG-084
React,Average project,Joe_Cobb,Middle,0.32,2,Feature,sample,2,4,AVG-085
React,Average project,Joe_Cobb,Senior,0.85,1,Feature,sample,3,3,AVG-086
React,Average project,Joe_Cobb,Middle,0.09,2,Bug,sample,2,2,AVG-087
"Dotnet,React",Average project,Joe_Cobb,Middle,1.15,1,Feature,sample,6,6,AVG-088
React,Average project,Joe_Cobb,Junior,-1.09,1,Bug,sample,5,4,AVG-089
React,Average project,Joe_Cobb,Senior,-0.4,2,Task,sample,4,1,AVG-090
"Dotnet,Postgres",Average project,Joe_Cobb,Middle,-0.06,1,Bug,sample,4,5,AVG-091
Dotnet,Average project,Joe_Cobb,Middle,0.48,2,Task,sample,4,1,AVG-092
"Dotnet,Postgres",Average project,Joe_Cobb,Junior,0.45,2,Feature,sample,4,2,AVG-093
"Dotnet,Postgres",Average project,Joe_Cobb,Junior,0.35,1,Bug,sample,6,5,AVG-094
React,Average project,Joe_Cobb,Middle,0.95,1,Feature,sample,3,4,AVG-095
Dotnet,Average project,Joe_Cobb,Middle,0.52,1,Feature,sample,4,4,AVG-096
React,Average project,Joe_Cobb,Middle,0.72,1,Bug,sample,6,4,AVG-097
"DevOps,Postgres",Average project,Joe_Cobb,Middle,0.59,1,Task,sample,4,4,AVG-098
React,Average project,Joe_Cobb,Middle,-1.19,1,Feature,sample,6,6,AVG-099
Dotnet,Average project,Joe_Cobb,Middle,0.02,1,Feature,sample,3,6,AVG-0100
DevOps,Average project,Joe_Cobb,Senior,1.17,1,Feature,sample,4,3,AVG-0101
React,Average project,Joe_Cobb,Middle,-1.31,1,Feature,sample,4,6,AVG-0102
Dotnet,Average project,Joe_Cobb,Junior,-0.08,1,Feature,sample,6,3,AVG-0103
Dotnet,Average project,Joe_Cobb,Middle,0.63,2,Feature,sample,3,2,AVG-0104
Dotnet,Average project,Joe_Cobb,Junior,-0.62,1,Task,sample,4,3,AVG-0105
React,Average project,Joe_Cobb,Middle,0.76,1,Bug,sample,4,6,AVG-0106
"Dotnet,React",Average project,Joe_Cobb,Junior,-0.09,1,Bug,sample,6,3,AVG-0107
"Dotnet,React",Average project,Joe_Cobb,Middle,-0.49,2,Feature,sample,4,1,AVG-0108
Dotnet,Average project,Joe_Cobb,Junior,-1.5,1,Feature,sample,5,6,AVG-0109
React,Average project,Joe_Cobb,Middle,-1.04,1,Task,sample,5,6,AVG-0110
"Dotnet,DevOps",Average project,Dale_Marshall,Middle,-0.01,5,Feature,sample,1,0,AVG-0111
"Dotnet,DevOps",Average project,Dale_Marshall,Middle,0.08,4,Task,sample,1,1,AVG-0112
"Dotnet,DevOps",Average project,Dale_Marshall,Middle,-0.05,5,Feature,sample,0,0,AVG-0113
"Dotnet,DevOps",Average project,Dale_Marshall,Junior,0.01,3,Feature,sample,2,0,AVG-0114
"DevOps,Dotnet",Average project,Dale_Marshall,Middle,0.1,3,Feature,sample,1,2,AVG-0115
DevOps,Average project,Dale_Marshall,Middle,-0.02,4,Feature,sample,2,1,AVG-0116
DevOps,Average project,Dale_Marshall,Junior,0.02,3,Feature,sample,2,0,AVG-0117
Dotnet,Average project,Dale_Marshall,Middle,0.05,4,Feature,sample,2,1,AVG-0118
"DevOps,Dotnet",Average project,Dale_Marshall,Senior,-0.15,3,Feature,sample,1,1,AVG-0119
"DevOps,Dotnet",Average project,Dale_Marshall,Middle,-0.14,3,Feature,sample,3,0,AVG-0120
"Dotnet,DevOps",Average project,Dale_Marshall,Senior,0,5,Feature,sample,0,0,AVG-0121
Dotnet,Average project,Dale_Marshall,Junior,0.09,4,Feature,sample,2,1,AVG-0122
DevOps,Average project,Dale_Marshall,Middle,0.26,3,Bug,sample,3,0,AVG-0123
Dotnet,Average project,Dale_Marshall,Junior,-0.01,5,Task,sample,1,0,AVG-0124
Dotnet,Average project,Dale_Marshall,Middle,0.08,5,Bug,sample,0,1,AVG-0125
"Dotnet,DevOps",Average project,Dale_Marshall,Middle,0.02,5,Feature,sample,0,0,AVG-0126
"Dotnet,DevOps",Average project,Dale_Marshall,Middle,0,5,Feature,sample,1,0,AVG-0127
DevOps,Average project,Dale_Marshall,Middle,0.18,3,Bug,sample,1,3,AVG-0128
"Dotnet,DevOps",Average project,Dale_Marshall,Junior,0.09,5,Feature,sample,1,0,AVG-0129
"Dotnet,DevOps",Average project,Dale_Marshall,Middle,-0.11,3,Bug,sample,3,0,AVG-0130
"DevOps,Dotnet",Average project,Dale_Marshall,Junior,0.26,3,Task,sample,2,1,AVG-0131
DevOps,Average project,Dale_Marshall,Middle,-0.08,4,Bug,sample,1,1,AVG-0132
"Dotnet,DevOps",Average project,Dale_Marshall,Middle,0.04,4,Feature,sample,0,2,AVG-0133
DevOps,Average project,Dale_Marshall,Middle,-0.07,5,Bug,sample,1,0,AVG-0134
Dotnet,Average project,Dale_Marshall,Junior,0.09,5,Feature,sample,1,0,AVG-0135
DevOps,Average project,Dale_Marshall,Junior,-0.01,4,Bug,sample,0,1,AVG-0136
"DevOps,Dotnet",Average project,Dale_Marshall,Middle,0.25,3,Feature,sample,1,1,AVG-0137
Dotnet,Average project,Dale_Marshall,Junior,-0.08,3,Feature,sample,1,2,AVG-0138
"DevOps,Dotnet",Average project,Dale_Marshall,Junior,-0.01,5,Bug,sample,1,0,AVG-0139
"Dotnet,DevOps",Average project,Dale_Marshall,Middle,0.02,3,Feature,sample,2,0,AVG-0140
DevOps,Average project,Dale_Marshall,Senior,-0.1,5,Bug,sample,0,1,AVG-0141
"Dotnet,DevOps",Average project,Dale_Marshall,Senior,-0.1,3,Feature,sample,3,1,AVG-0142
"Dotnet,DevOps",Average project,Dale_Marshall,Junior,-0.15,3,Bug,sample,3,0,AVG-0143
Dotnet,Average project,Dale_Marshall,Senior,-0.08,3,Bug,sample,1,2,AVG-0144
Dotnet,Average project,Dale_Marshall,Senior,-0.04,5,Bug,sample,1,0,AVG-0145
"DevOps,Dotnet",Average project,Dale_Marshall,Middle,0.18,4,Feature,sample,1,1,AVG-0146
Dotnet,Average project,Dale_Marshall,Middle,0.18,3,Feature,sample,1,3,AVG-0147
Dotnet,Average project,Dale_Marshall,Middle,0.29,3,Task,sample,3,0,AVG-0148
"Dotnet,DevOps",Average project,Dale_Marshall,Senior,0.17,4,Feature,sample,1,1,AVG-0149
DevOps,Average project,Dale_Marshall,Junior,0.18,3,Feature,sample,3,1,AVG-0150
Dotnet,Average project,Dale_Marshall,Middle,-0.02,3,Bug,sample,2,1,AVG-0151
Dotnet,Average project,Dale_Marshall,Middle,-0.08,5,Task,sample,0,1,AVG-0152
"Dotnet,DevOps",Average project,Dale_Marshall,Middle,0.04,5,Bug,sample,1,0,AVG-0153
Dotnet,Average project,Dale_Marshall,Senior,0.22,3,Feature,sample,3,0,AVG-0154
Dotnet,Average project,Dale_Marshall,Middle,-0.01,3,Feature,sample,2,0,AVG-0155
DevOps,Average project,Dale_Marshall,Middle,0.03,5,Feature,sample,0,1,AVG-0156
"Dotnet,DevOps",Average project,Dale_Marshall,Senior,-0.01,3,Bug,sample,3,0,AVG-0157
DevOps,Average project,Dale_Marshall,Middle,0.16,4,Task,sample,2,1,AVG-0158
Dotnet,Average project,Dale_Marshall,Middle,0.2,3,Task,sample,1,1,AVG-0159
"DevOps,Dotnet",Average project,Dale_Marshall,Middle,-0.01,5,Feature,sample,1,0,AVG-0160
Dotnet,Average project,Dale_Marshall,Middle,0.06,3,Feature,sample,2,0,AVG-0161
Dotnet,Average project,Dale_Marshall,Middle,0.12,4,Bug,sample,2,1,AVG-0162
"Dotnet,DevOps",Average project,Dale_Marshall,Middle,0.02,5,Feature,sample,0,0,AVG-0163
"Dotnet,DevOps",Average project,Dale_Marshall,Middle,-0.01,5,Feature,sample,1,0,AVG-0164
Dotnet,Average project,Dale_Marshall,Middle,0.12,4,Feature,sample,2,1,AVG-0165
DevOps,Average project,Dale_Marshall,Middle,0.05,4,Bug,sample,2,1,AVG-0166
DevOps,Average project,Dale_Marshall,Junior,0.1,3,Task,sample,3,1,AVG-0167
DevOps,Average project,Dale_Marshall,Middle,0.05,4,Feature,sample,0,0,AVG-0168
"DevOps,Dotnet",Average project,Dale_Marshall,Senior,-0.08,5,Bug,sample,1,0,AVG-0169
"DevOps,Dotnet",Average project,Dale_Marshall,Middle,-0.08,5,Feature,sample,1,0,AVG-0170
DevOps,Average project,Dale_Marshall,Senior,0.13,4,Feature,sample,1,1,AVG-0171
"Dotnet,DevOps",Average project,Dale_Marshall,Junior,-0.01,5,Feature,sample,1,0,AVG-0172
Dotnet,Average project,Dale_Marshall,Middle,0.14,4,Task,sample,1,1,AVG-0173
DevOps,Average project,Dale_Marshall,Middle,0.07,4,Feature,sample,1,1,AVG-0174
"DevOps,Dotnet",Average project,Dale_Marshall,Middle,0.29,3,Task,sample,1,1,AVG-0175
"Dotnet,DevOps",Average project,Dale_Marshall,Senior,0.16,3,Task,sample,1,1,AVG-0176
Dotnet,Average project,Dale_Marshall,Junior,0.05,5,Feature,sample,1,0,AVG-0177
DevOps,Average project,Dale_Marshall,Junior,-0.03,4,Feature,sample,1,1,AVG-0178
"DevOps,Dotnet",Average project,Dale_Marshall,Middle,0.02,4,Feature,sample,2,1,AVG-0179
DevOps,Average project,Dale_Marshall,Middle,0.13,4,Feature,sample,2,1,AVG-0180
Dotnet,Average project,Dale_Marshall,Senior,-0.1,5,Bug,sample,1,0,AVG-0181
DevOps,Average project,Dale_Marshall,Middle,0,5,Feature,sample,0,1,AVG-0182
Dotnet,Average project,Dale_Marshall,Middle,-0.1,5,Feature,sample,1,0,AVG-0183
"Dotnet,DevOps",Average project,Dale_Marshall,Middle,-0.1,5,Feature,sample,1,0,AVG-0184
"Dotnet,DevOps",Average project,Dale_Marshall,Middle,0,3,Feature,sample,3,1,AVG-0185
DevOps,Average project,Dale_Marshall,Middle,-0.2,3,Feature,sample,1,1,AVG-0186
DevOps,Average project,Dale_Marshall,Junior,0.06,4,Bug,sample,1,1,AVG-0187
"Dotnet,DevOps",Average project,Dale_Marshall,Junior,0,5,Feature,sample,0,0,AVG-0188
"DevOps,Dotnet",Average project,Dale_Marshall,Middle,-0.06,4,Bug,sample,1,1,AVG-0189
DevOps,Average project,Dale_Marshall,Senior,-0.04,4,Feature,sample,1,1,AVG-0190
DevOps,Average project,Dale_Marshall,Middle,0.44,2,Feature,sample,3,2,AVG-0191
"DevOps,Postgres",Average project,Dale_Marshall,Middle,-0.41,2,Feature,sample,4,2,AVG-0192
DevOps,Average project,Dale_Marshall,Senior,0.46,2,Feature,sample,3,2,AVG-0193
DevOps,Average project,Dale_Marshall,Senior,0.39,2,Bug,sample,3,1,AVG-0194
"Dotnet,Postgres",Average project,Dale_Marshall,Middle,0.46,2,Bug,sample,2,4,AVG-0195
React,Average project,Dale_Marshall,Junior,0.89,1,Feature,sample,4,6,AVG-0196
"DevOps,Postgres",Average project,Dale_Marshall,Junior,-0.75,1,Task,sample,6,6,AVG-0197
Dotnet,Average project,Dale_Marshall,Junior,0.75,2,Bug,sample,3,1,AVG-0198
DevOps,Average project,Dale_Marshall,Junior,0.26,1,Feature,sample,5,3,AVG-0199
Dotnet,Average project,Dale_Marshall,Middle,0.05,2,Feature,sample,4,1,AVG-0200
"Dotnet,Postgres",Average project,Dale_Marshall,Middle,-0.25,2,Bug,sample,2,4,AVG-0201
"Dotnet,React",Average project,Dale_Marshall,Senior,1.09,1,Feature,sample,4,4,AVG-0202
React,Average project,Dale_Marshall,Middle,-0.68,2,Feature,sample,3,2,AVG-0203
"Dotnet,Postgres",Average project,Dale_Marshall,Junior,0.61,1,Feature,sample,5,3,AVG-0204
"Dotnet,Postgres",Average project,Dale_Marshall,Senior,-0.1,1,Feature,sample,5,6,AVG-0205
"Dotnet,React",Average project,Dale_Marshall,Middle,-0.53,2,Bug,sample,3,2,AVG-0206
Dotnet,Average project,Dale_Marshall,Junior,-0.47,2,Feature,sample,3,2,AVG-0207
DevOps,Average project,Dale_Marshall,Junior,-0.65,2,Feature,sample,3,1,AVG-0208
Dotnet,Average project,Dale_Marshall,Middle,-0.16,2,Bug,sample,4,2,AVG-0209
Dotnet,Average project,Dale_Marshall,Junior,-1.14,1,Feature,sample,5,4,AVG-0210
React,Average project,Dale_Marshall,Middle,0.82,1,Feature,sample,3,6,AVG-0211
Dotnet,Average project,Dale_Marshall,Middle,0.56,2,Feature,sample,3,2,AVG-0212
DevOps,Average project,Dale_Marshall,Junior,-1.42,1,Bug,sample,4,4,AVG-0213
React,Average project,Dale_Marshall,Junior,-1.3,1,Feature,sample,3,6,AVG-0214
Dotnet,Average project,Dale_Marshall,Middle,-1.25,1,Bug,sample,4,3,AVG-0215
React,Average project,Dale_Marshall,Junior,0.75,2,Bug,sample,3,1,AVG-0216
Dotnet,Average project,Dale_Marshall,Senior,-0.27,2,Bug,sample,2,3,AVG-0217
"Dotnet,Postgres",Average project,Dale_Marshall,Junior,0.2,2,Task,sample,4,1,AVG-0218
DevOps,Average project,Dale_Marshall,Middle,-0.46,2,Feature,sample,2,4,AVG-0219
"Dotnet,Postgres",Average project,Dale_Marshall,Middle,0.27,2,Bug,sample,3,2,AVG-0220
"React,DevOps",Average project,Adam_Lucas,Junior,-0.07,5,Feature,sample,0,0,AVG-0221
"DevOps,React",Average project,Adam_Lucas,Middle,-0.01,4,Bug,sample,1,1,AVG-0222
"React,DevOps",Average project,Adam_Lucas,Middle,-0.07,4,Bug,sample,2,1,AVG-0223
React,Average project,Adam_Lucas,Middle,0.22,3,Bug,sample,1,3,AVG-0224
"React,DevOps",Average project,Adam_Lucas,Middle,0.18,3,Feature,sample,1,2,AVG-0225
DevOps,Average project,Adam_Lucas,Middle,0.26,3,Feature,sample,3,0,AVG-0226
"DevOps,React",Average project,Adam_Lucas,Middle,-0.07,3,Feature,sample,3,1,AVG-0227
"DevOps,React",Average project,Adam_Lucas,Junior,-0.06,5,Feature,sample,1,0,AVG-0228
DevOps,Average project,Adam_Lucas,Middle,0.01,5,Bug,sample,0,0,AVG-0229
"React,DevOps",Average project,Adam_Lucas,Middle,-0.12,3,Task,sample,1,2,AVG-0230
"React,DevOps",Average project,Adam_Lucas,Senior,-0.02,5,Feature,sample,1,0,AVG-0231
"DevOps,React",Average project,Adam_Lucas,Junior,0.06,4,Task,sample,2,1,AVG-0232
React,Average project,Adam_Lucas,Middle,0.14,4,Feature,sample,2,1,AVG-0233
"React,DevOps",Average project,Adam_Lucas,Middle,0.07,5,Task,sample,1,0,AVG-0234
DevOps,Average project,Adam_Lucas,Senior,-0.05,5,Feature,sample,1,0,AVG-0235
DevOps,Average project,Adam_Lucas,Senior,-0.05,5,Feature,sample,1,0,AVG-0236
"DevOps,React",Average project,Adam_Lucas,Junior,-0.07,4,Bug,sample,1,1,AVG-0237
"React,DevOps",Average project,Adam_Lucas,Senior,0.14,4,Feature,sample,1,1,AVG-0238
"DevOps,React",Average project,Adam_Lucas,Middle,-0.14,3,Task,sample,2,0,AVG-0239
DevOps,Average project,Adam_Lucas,Junior,0.04,5,Bug,sample,1,0,AVG-0240
"DevOps,React",Average project,Adam_Lucas,Middle,-0.09,5,Task,sample,1,0,AVG-0241
DevOps,Average project,Adam_Lucas,Middle,0.06,4,Feature,sample,0,2,AVG-0242
"DevOps,React",Average project,Adam_Lucas,Middle,-0.16,3,Task,sample,3,0,AVG-0243
"React,DevOps",Average project,Adam_Lucas,Middle,0.09,5,Feature,sample,1,0,AVG-0244
"DevOps,React",Average project,Adam_Lucas,Middle,0,5,Feature,sample,0,1,AVG-0245
"React,DevOps",Average project,Adam_Lucas,Middle,0.18,4,Feature,sample,1,1,AVG-0246
React,Average project,Adam_Lucas,Junior,0.06,4,Feature,sample,2,1,AVG-0247
DevOps,Average project,Adam_Lucas,Senior,0.16,4,Feature,sample,1,1,AVG-0248
React,Average project,Adam_Lucas,Middle,0.04,5,Task,sample,1,0,AVG-0249
"DevOps,React",Average project,Adam_Lucas,Middle,-0.04,5,Bug,sample,0,1,AVG-0250
"DevOps,React",Average project,Adam_Lucas,Junior,-0.01,5,Task,sample,0,1,AVG-0251
"DevOps,React",Average project,Adam_Lucas,Middle,-0.07,5,Feature,sample,0,0,AVG-0252
React,Average project,Adam_Lucas,Junior,0.07,5,Bug,sample,1,0,AVG-0253
DevOps,Average project,Adam_Lucas,Senior,0.02,5,Task,sample,1,0,AVG-0254
"DevOps,React",Average project,Adam_Lucas,Middle,0.01,4,Bug,sample,2,1,AVG-0255
"DevOps,React",Average project,Adam_Lucas,Junior,-0.08,5,Feature,sample,0,0,AVG-0256
"React,DevOps",Average project,Adam_Lucas,Middle,-0.02,5,Feature,sample,0,0,AVG-0257
"DevOps,React",Average project,Adam_Lucas,Middle,-0.05,5,Bug,sample,1,0,AVG-0258
"React,DevOps",Average project,Adam_Lucas,Middle,-0.15,3,Feature,sample,2,0,AVG-0259
"React,DevOps",Average project,Adam_Lucas,Senior,0.23,3,Task,sample,1,3,AVG-0260
"DevOps,React",Average project,Adam_Lucas,Junior,-0.03,5,Task,sample,0,1,AVG-0261
DevOps,Average project,Adam_Lucas,Middle,0.06,5,Task,sample,0,1,AVG-0262
"DevOps,React",Average project,Adam_Lucas,Junior,0.1,4,Task,sample,1,1,AVG-0263
"DevOps,React",Average project,Adam_Lucas,Junior,0.02,5,Bug,sample,1,0,AVG-0264
"DevOps,React",Average project,Adam_Lucas,Middle,0.01,5,Task,sample,1,0,AVG-0265
"DevOps,React",Average project,Adam_Lucas,Middle,0,5,Task,sample,1,0,AVG-0266
React,Average project,Adam_Lucas,Junior,-0.11,3,Feature,sample,3,0,AVG-0267
React,Average project,Adam_Lucas,Middle,0.25,3,Bug,sample,2,1,AVG-0268
"React,DevOps",Average project,Adam_Lucas,Senior,-0.1,5,Bug,sample,1,0,AVG-0269
"DevOps,React",Average project,Adam_Lucas,Junior,0.14,3,Bug,sample,2,1,AVG-0270
"React,DevOps",Average project,Adam_Lucas,Senior,-0.03,5,Feature,sample,0,1,AVG-0271
React,Average project,Adam_Lucas,Middle,-0.08,4,Bug,sample,0,0,AVG-0272
DevOps,Average project,Adam_Lucas,Junior,0.14,4,Task,sample,1,1,AVG-0273
React,Average project,Adam_Lucas,Senior,0.05,5,Bug,sample,1,0,AVG-0274
React,Average project,Adam_Lucas,Middle,0.06,3,Feature,sample,2,1,AVG-0275
"DevOps,React",Average project,Adam_Lucas,Senior,-0.02,5,Feature,sample,0,0,AVG-0276
React,Average project,Adam_Lucas,Middle,-0.03,5,Feature,sample,0,0,AVG-0277
React,Average project,Adam_Lucas,Middle,0.03,5,Task,sample,1,0,AVG-0278
DevOps,Average project,Adam_Lucas,Middle,0.01,5,Bug,sample,1,0,AVG-0279
"React,DevOps",Average project,Adam_Lucas,Middle,0.09,5,Task,sample,1,0,AVG-0280
"DevOps,React",Average project,Adam_Lucas,Middle,0.01,5,Task,sample,1,0,AVG-0281
"React,DevOps",Average project,Adam_Lucas,Middle,0.18,4,Bug,sample,1,1,AVG-0282
"DevOps,React",Average project,Adam_Lucas,Junior,-0.05,4,Feature,sample,2,1,AVG-0283
React,Average project,Adam_Lucas,Junior,-0.12,3,Bug,sample,3,0,AVG-0284
"DevOps,React",Average project,Adam_Lucas,Middle,0.07,5,Feature,sample,0,0,AVG-0285
DevOps,Average project,Adam_Lucas,Junior,-0.05,4,Bug,sample,1,1,AVG-0286
React,Average project,Adam_Lucas,Middle,0,3,Feature,sample,2,1,AVG-0287
React,Average project,Adam_Lucas,Middle,-0.03,5,Feature,sample,0,0,AVG-0288
"React,DevOps",Average project,Adam_Lucas,Middle,-0.13,3,Task,sample,3,0,AVG-0289
"DevOps,React",Average project,Adam_Lucas,Junior,-0.02,3,Bug,sample,1,3,AVG-0290
"DevOps,React",Average project,Adam_Lucas,Middle,0.11,4,Feature,sample,0,0,AVG-0291
"React,DevOps",Average project,Adam_Lucas,Senior,-0.05,4,Feature,sample,2,1,AVG-0292
"React,DevOps",Average project,Adam_Lucas,Middle,0.12,4,Bug,sample,1,1,AVG-0293
React,Average project,Adam_Lucas,Junior,-0.09,5,Task,sample,1,0,AVG-0294
DevOps,Average project,Adam_Lucas,Middle,-0.06,5,Task,sample,0,1,AVG-0295
DevOps,Average project,Adam_Lucas,Middle,-0.02,4,Feature,sample,0,2,AVG-0296
React,Average project,Adam_Lucas,Middle,0.21,3,Bug,sample,1,1,AVG-0297
React,Average project,Adam_Lucas,Junior,-0.18,3,Feature,sample,2,1,AVG-0298
"React,DevOps",Average project,Adam_Lucas,Senior,-0.04,5,Task,sample,0,0,AVG-0299
DevOps,Average project,Adam_Lucas,Senior,0.07,3,Task,sample,2,1,AVG-0300
React,Average project,Adam_Lucas,Middle,-0.39,2,Task,sample,3,2,AVG-0301
"DevOps,Postgres",Average project,Adam_Lucas,Middle,0.61,2,Task,sample,3,2,AVG-0302
"Dotnet,Postgres",Average project,Adam_Lucas,Junior,-0.57,2,Bug,sample,3,2,AVG-0303
"Dotnet,React",Average project,Adam_Lucas,Senior,0.06,2,Task,sample,2,3,AVG-0304
React,Average project,Adam_Lucas,Middle,0.17,1,Feature,sample,6,6,AVG-0305
Dotnet,Average project,Adam_Lucas,Middle,0.47,2,Bug,sample,4,1,AVG-0306
React,Average project,Adam_Lucas,Middle,0.61,2,Feature,sample,3,1,AVG-0307
"Dotnet,React",Average project,Adam_Lucas,Junior,-0.25,2,Bug,sample,4,1,AVG-0308
React,Average project,Adam_Lucas,Senior,0.79,2,Feature,sample,2,4,AVG-0309
React,Average project,Adam_Lucas,Junior,0.27,2,Bug,sample,4,1,AVG-0310
React,Average project,Adam_Lucas,Middle,1.37,1,Feature,sample,5,4,AVG-0311
React,Average project,Adam_Lucas,Junior,-0.5,1,Bug,sample,3,5,AVG-0312
React,Average project,Adam_Lucas,Junior,0.37,2,Feature,sample,3,1,AVG-0313
"DevOps,Postgres",Average project,Adam_Lucas,Senior,-0.11,2,Task,sample,4,2,AVG-0314
React,Average project,Adam_Lucas,Senior,0.34,2,Bug,sample,2,2,AVG-0315
React,Average project,Adam_Lucas,Middle,-0.4,2,Bug,sample,2,3,AVG-0316
DevOps,Average project,Adam_Lucas,Middle,0.02,2,Bug,sample,2,3,AVG-0317
"DevOps,Postgres",Average project,Adam_Lucas,Middle,0.07,2,Feature,sample,2,4,AVG-0318
DevOps,Average project,Adam_Lucas,Middle,-0.06,2,Feature,sample,3,2,AVG-0319
Dotnet,Average project,Adam_Lucas,Middle,-1.2,1,Feature,sample,4,5,AVG-0320
"DevOps,Postgres",Average project,Adam_Lucas,Junior,0.04,2,Bug,sample,4,2,AVG-0321
React,Average project,Adam_Lucas,Senior,-0.41,2,Bug,sample,2,4,AVG-0322
React,Average project,Adam_Lucas,Middle,-0.27,2,Feature,sample,2,2,AVG-0323
"Dotnet,Postgres",Average project,Adam_Lucas,Middle,0.27,2,Feature,sample,4,2,AVG-0324
Dotnet,Average project,Adam_Lucas,Junior,0.04,2,Task,sample,2,3,AVG-0325
Dotnet,Average project,Adam_Lucas,Junior,0.49,2,Feature,sample,3,1,AVG-0326
DevOps,Average project,Adam_Lucas,Senior,0.03,2,Task,sample,3,1,AVG-0327
"Dotnet,Postgres",Average project,Adam_Lucas,Middle,-0.63,2,Feature,sample,3,2,AVG-0328
"Dotnet,Postgres",Average project,Adam_Lucas,Senior,-0.01,2,Feature,sample,4,2,AVG-0329
DevOps,Average project,Adam_Lucas,Senior,0.34,2,Task,sample,3,2,AVG-0330
Dotnet,Average project,Ron_Alexander,Junior,0.15,3,Task,sample,1,2,AVG-0331
Dotnet,Average project,Ron_Alexander,Middle,-0.07,5,Bug,sample,1,0,AVG-0332
Dotnet,Average project,Ron_Alexander,Junior,0.01,5,Task,sample,1,0,AVG-0333
Dotnet,Average project,Ron_Alexander,Junior,-0.07,5,Task,sample,0,1,AVG-0334
Dotnet,Average project,Ron_Alexander,Senior,0,5,Feature,sample,0,0,AVG-0335
Dotnet,Average project,Ron_Alexander,Middle,-0.04,3,Task,sample,1,1,AVG-0336
Dotnet,Average project,Ron_Alexander,Middle,-0.07,5,Feature,sample,1,0,AVG-0337
Dotnet,Average project,Ron_Alexander,Junior,0.09,5,Bug,sample,0,1,AVG-0338
Dotnet,Average project,Ron_Alexander,Middle,-0.07,5,Feature,sample,1,0,AVG-0339
Dotnet,Average project,Ron_Alexander,Middle,-0.1,5,Bug,sample,0,1,AVG-0340
Dotnet,Average project,Ron_Alexander,Junior,-0.04,5,Bug,sample,1,0,AVG-0341
Dotnet,Average project,Ron_Alexander,Middle,-0.09,5,Bug,sample,1,0,AVG-0342
Dotnet,Average project,Ron_Alexander,Middle,0.04,5,Feature,sample,0,1,AVG-0343
Dotnet,Average project,Ron_Alexander,Middle,0.13,4,Bug,sample,2,1,AVG-0344
Dotnet,Average project,Ron_Alexander,Senior,-0.09,5,Bug,sample,1,0,AVG-0345
Dotnet,Average project,Ron_Alexander,Middle,-0.04,5,Feature,sample,0,1,AVG-0346
Dotnet,Average project,Ron_Alexander,Middle,0.08,4,Bug,sample,0,1,AVG-0347
Dotnet,Average project,Ron_Alexander,Senior,-0.01,5,Feature,sample,0,0,AVG-0348
Dotnet,Average project,Ron_Alexander,Middle,0.05,4,Feature,sample,1,1,AVG-0349
Dotnet,Average project,Ron_Alexander,Junior,-0.02,3,Feature,sample,1,2,AVG-0350
Dotnet,Average project,Ron_Alexander,Middle,-0.09,5,Feature,sample,0,0,AVG-0351
Dotnet,Average project,Ron_Alexander,Middle,-0.08,5,Feature,sample,0,0,AVG-0352
Dotnet,Average project,Ron_Alexander,Junior,0.07,4,Task,sample,0,1,AVG-0353
Dotnet,Average project,Ron_Alexander,Middle,-0.03,5,Feature,sample,1,0,AVG-0354
Dotnet,Average project,Ron_Alexander,Middle,0.04,5,Bug,sample,1,0,AVG-0355
Dotnet,Average project,Ron_Alexander,Middle,-0.01,4,Feature,sample,1,1,AVG-0356
Dotnet,Average project,Ron_Alexander,Middle,-0.02,5,Feature,sample,1,0,AVG-0357
Dotnet,Average project,Ron_Alexander,Junior,0.19,4,Bug,sample,1,1,AVG-0358
Dotnet,Average project,Ron_Alexander,Senior,0.18,4,Feature,sample,0,0,AVG-0359
Dotnet,Average project,Ron_Alexander,Middle,0.07,5,Bug,sample,1,0,AVG-0360
Dotnet,Average project,Ron_Alexander,Middle,-0.03,5,Feature,sample,0,0,AVG-0361
Dotnet,Average project,Ron_Alexander,Middle,0.04,5,Feature,sample,0,0,AVG-0362
Dotnet,Average project,Ron_Alexander,Middle,0.18,3,Bug,sample,3,1,AVG-0363
Dotnet,Average project,Ron_Alexander,Senior,-0.05,5,Feature,sample,1,0,AVG-0364
Dotnet,Average project,Ron_Alexander,Junior,-0.13,3,Feature,sample,3,1,AVG-0365
Dotnet,Average project,Ron_Alexander,Middle,-0.1,5,Bug,sample,0,1,AVG-0366
Dotnet,Average project,Ron_Alexander,Senior,0.12,4,Task,sample,2,1,AVG-0367
Dotnet,Average project,Ron_Alexander,Junior,0.24,3,Bug,sample,3,0,AVG-0368
Dotnet,Average project,Ron_Alexander,Middle,-0.06,4,Feature,sample,2,1,AVG-0369
Dotnet,Average project,Ron_Alexander,Junior,0.01,4,Bug,sample,1,1,AVG-0370
Dotnet,Average project,Ron_Alexander,Middle,-0.05,5,Feature,sample,1,0,AVG-0371
Dotnet,Average project,Ron_Alexander,Junior,-0.05,4,Feature,sample,2,1,AVG-0372
Dotnet,Average project,Ron_Alexander,Middle,0.08,4,Feature,sample,1,1,AVG-0373
Dotnet,Average project,Ron_Alexander,Junior,0.09,3,Task,sample,1,2,AVG-0374
Dotnet,Average project,Ron_Alexander,Middle,0.13,4,Feature,sample,1,1,AVG-0375
Dotnet,Average project,Ron_Alexander,Middle,-0.03,4,Bug,sample,1,1,AVG-0376
Dotnet,Average project,Ron_Alexander,Senior,-0.08,5,Task,sample,1,0,AVG-0377
Dotnet,Average project,Ron_Alexander,Middle,-0.07,4,Bug,sample,0,2,AVG-0378
Dotnet,Average project,Ron_Alexander,Middle,-0.07,5,Bug,sample,1,0,AVG-0379
Dotnet,Average project,Ron_Alexander,Senior,0,5,Feature,sample,1,0,AVG-0380
Dotnet,Average project,Ron_Alexander,Junior,0.28,3,Feature,sample,1,2,AVG-0381
Dotnet,Average project,Ron_Alexander,Middle,0.01,5,Feature,sample,0,1,AVG-0382
Dotnet,Average project,Ron_Alexander,Middle,0.01,4,Bug,sample,1,1,AVG-0383
Dotnet,Average project,Ron_Alexander,Middle,-0.01,5,Task,sample,0,1,AVG-0384
Dotnet,Average project,Ron_Alexander,Senior,0.16,4,Feature,sample,2,1,AVG-0385
Dotnet,Average project,Ron_Alexander,Middle,-0.05,4,Bug,sample,0,2,AVG-0386
Dotnet,Average project,Ron_Alexander,Middle,0.01,4,Feature,sample,1,1,AVG-0387
Dotnet,Average project,Ron_Alexander,Middle,0.12,4,Feature,sample,2,1,AVG-0388
Dotnet,Average project,Ron_Alexander,Junior,0.06,5,Feature,sample,1,0,AVG-0389
Dotnet,Average project,Ron_Alexander,Junior,-0.02,5,Task,sample,0,1,AVG-0390
Dotnet,Average project,Ron_Alexander,Junior,-0.02,5,Feature,sample,0,1,AVG-0391
Dotnet,Average project,Ron_Alexander,Senior,0.07,4,Feature,sample,2,1,AVG-0392
Dotnet,Average project,Ron_Alexander,Middle,0.04,5,Bug,sample,0,1,AVG-0393
Dotnet,Average project,Ron_Alexander,Junior,0.08,5,Feature,sample,1,0,AVG-0394
Dotnet,Average project,Ron_Alexander,Senior,-0.1,5,Feature,sample,1,0,AVG-0395
Dotnet,Average project,Ron_Alexander,Senior,-0.07,3,Feature,sample,2,1,AVG-0396
Dotnet,Average project,Ron_Alexander,Senior,-0.05,5,Bug,sample,0,1,AVG-0397
Dotnet,Average project,Ron_Alexander,Middle,-0.01,4,Feature,sample,2,1,AVG-0398
Dotnet,Average project,Ron_Alexander,Junior,0.05,5,Task,sample,1,0,AVG-0399
Dotnet,Average project,Ron_Alexander,Middle,-0.02,5,Feature,sample,1,0,AVG-0400
Dotnet,Average project,Ron_Alexander,Senior,0.06,5,Task,sample,1,0,AVG-0401
Dotnet,Average project,Ron_Alexander,Middle,-0.09,5,Task,sample,0,0,AVG-0402
Dotnet,Average project,Ron_Alexander,Middle,0.03,4,Feature,sample,2,1,AVG-0403
Dotnet,Average project,Ron_Alexander,Middle,0.05,5,Bug,sample,0,1,AVG-0404
Dotnet,Average project,Ron_Alexander,Middle,-0.07,5,Feature,sample,0,0,AVG-0405
Dotnet,Average project,Ron_Alexander,Middle,-0.13,3,Bug,sample,1,1,AVG-0406
Dotnet,Average project,Ron_Alexander,Senior,-0.04,4,Bug,sample,2,1,AVG-0407
Dotnet,Average project,Ron_Alexander,Junior,0.06,4,Feature,sample,1,1,AVG-0408
Dotnet,Average project,Ron_Alexander,Middle,-0.05,5,Feature,sample,0,1,AVG-0409
Dotnet,Average project,Ron_Alexander,Junior,0.07,4,Feature,sample,2,1,AVG-0410
Dotnet,Average project,Ron_Alexander,Middle,0.26,1,Task,sample,3,6,AVG-0411
DevOps,Average project,Ron_Alexander,Middle,-0.07,2,Feature,sample,4,2,AVG-0412
Dotnet,Average project,Ron_Alexander,Middle,0.59,2,Feature,sample,4,2,AVG-0413
React,Average project,Ron_Alexander,Middle,0.46,2,Task,sample,2,4,AVG-0414
"DevOps,Postgres",Average project,Ron_Alexander,Middle,-0.28,2,Bug,sample,3,1,AVG-0415
React,Average project,Ron_Alexander,Middle,-0.9,1,Task,sample,6,6,AVG-0416
React,Average project,Ron_Alexander,Middle,0.09,2,Bug,sample,4,2,AVG-0417
"Dotnet,React",Average project,Ron_Alexander,Middle,0.53,2,Feature,sample,2,4,AVG-0418
"Dotnet,Postgres",Average project,Ron_Alexander,Middle,-0.67,2,Feature,sample,4,2,AVG-0419
DevOps,Average project,Ron_Alexander,Senior,0.13,2,Feature,sample,3,1,AVG-0420
"Dotnet,React",Average project,Ron_Alexander,Middle,0.16,2,Feature,sample,4,2,AVG-0421
"Dotnet,React",Average project,Ron_Alexander,Middle,-0.63,2,Feature,sample,3,1,AVG-0422
Dotnet,Average project,Ron_Alexander,Junior,-0.09,2,Bug,sample,3,1,AVG-0423
React,Average project,Ron_Alexander,Junior,-0.13,2,Task,sample,2,2,AVG-0424
"Dotnet,Postgres",Average project,Ron_Alexander,Middle,-0.12,2,Feature,sample,3,2,AVG-0425
"Dotnet,Postgres",Average project,Ron_Alexander,Middle,-0.69,2,Feature,sample,2,2,AVG-0426
"DevOps,Postgres",Average project,Ron_Alexander,Middle,-0.7,2,Bug,sample,3,2,AVG-0427
"Dotnet,Postgres",Average project,Ron_Alexander,Junior,0.48,2,Feature,sample,4,1,AVG-0428
React,Average project,Ron_Alexander,Junior,-0.23,2,Bug,sample,3,1,AVG-0429
Dotnet,Average project,Ron_Alexander,Middle,-0.47,2,Feature,sample,2,3,AVG-0430
DevOps,Average project,Ron_Alexander,Middle,-0.54,2,Bug,sample,2,3,AVG-0431
DevOps,Average project,Ron_Alexander,Junior,-0.44,2,Feature,sample,2,3,AVG-0432
React,Average project,Ron_Alexander,Middle,-0.44,2,Bug,sample,4,2,AVG-0433
Dotnet,Average project,Ron_Alexander,Junior,0.39,2,Task,sample,2,4,AVG-0434
Dotnet,Average project,Ron_Alexander,Senior,-0.04,2,Feature,sample,2,4,AVG-0435
React,Average project,Ron_Alexander,Middle,0.05,2,Bug,sample,4,2,AVG-0436
Dotnet,Average project,Ron_Alexander,Middle,0.21,2,Feature,sample,4,1,AVG-0437
Dotnet,Average project,Ron_Alexander,Middle,0.51,2,Feature,sample,2,4,AVG-0438
React,Average project,Ron_Alexander,Junior,0.34,2,Task,sample,4,1,AVG-0439
Dotnet,Average project,Ron_Alexander,Junior,0.98,1,Feature,sample,5,5,AVG-0440
Dotnet,Average project,James_Taylor,Senior,0.03,5,Feature,sample,1,0,AVG-0441
Dotnet,Average project,James_Taylor,Middle,-0.08,5,Task,sample,0,1,AVG-0442
Dotnet,Average project,James_Taylor,Junior,0.11,3,Bug,sample,1,3,AVG-0443
Dotnet,Average project,James_Taylor,Junior,0.06,5,Feature,sample,0,0,AVG-0444
Dotnet,Average project,James_Taylor,Junior,0.05,5,Task,sample,0,0,AVG-0445
Dotnet,Average project,James_Taylor,Middle,0.09,5,Task,sample,0,0,AVG-0446
Dotnet,Average project,James_Taylor,Middle,-0.08,3,Bug,sample,1,1,AVG-0447
Dotnet,Average project,James_Taylor,Senior,-0.08,4,Feature,sample,2,1,AVG-0448
Dotnet,Average project,James_Taylor,Middle,0.23,3,Bug,sample,1,2,AVG-0449
Dotnet,Average project,James_Taylor,Middle,-0.03,3,Bug,sample,3,0,AVG-0450
Dotnet,Average project,James_Taylor,Senior,0.03,5,Feature,sample,0,1,AVG-0451
Dotnet,Average project,James_Taylor,Junior,-0.1,5,Feature,sample,1,0,AVG-0452
Dotnet,Average project,James_Taylor,Junior,-0.05,3,Bug,sample,3,1,AVG-0453
Dotnet,Average project,James_Taylor,Middle,-0.02,5,Feature,sample,0,1,AVG-0454
Dotnet,Average project,James_Taylor,Senior,0.19,4,Feature,sample,2,1,AVG-0455
Dotnet,Average project,James_Taylor,Senior,0,5,Bug,sample,1,0,AVG-0456
Dotnet,Average project,James_Taylor,Middle,-0.08,5,Feature,sample,0,1,AVG-0457
Dotnet,Average project,James_Taylor,Middle,-0.04,5,Feature,sample,0,0,AVG-0458
Dotnet,Average project,James_Taylor,Middle,0.01,5,Bug,sample,0,0,AVG-0459
Dotnet,Average project,James_Taylor,Middle,0.08,5,Bug,sample,0,0,AVG-0460
Dotnet,Average project,James_Taylor,Middle,0.04,3,Feature,sample,3,0,AVG-0461
Dotnet,Average project,James_Taylor,Middle,-0.05,5,Feature,sample,1,0,AVG-0462
Dotnet,Average project,James_Taylor,Senior,0.12,3,Bug,sample,2,0,AVG-0463
Dotnet,Average project,James_Taylor,Middle,0.17,4,Feature,sample,2,1,AVG-0464
Dotnet,Average project,James_Taylor,Junior,-0.06,5,Bug,sample,0,1,AVG-0465
Dotnet,Average project,James_Taylor,Senior,0.26,3,Feature,sample,2,0,AVG-0466
Dotnet,Average project,James_Taylor,Middle,0.12,4,Feature,sample,0,2,AVG-0467
Dotnet,Average project,James_Taylor,Middle,-0.09,4,Feature,sample,1,1,AVG-0468
Dotnet,Average project,James_Taylor,Junior,0.08,5,Bug,sample,0,0,AVG-0469
Dotnet,Average project,James_Taylor,Junior,0.03,3,Bug,sample,2,0,AVG-0470
Dotnet,Average project,James_Taylor,Junior,-0.01,4,Task,sample,1,1,AVG-0471
Dotnet,Average project,James_Taylor,Senior,-0.17,3,Bug,sample,1,2,AVG-0472
Dotnet,Average project,James_Taylor,Middle,-0.01,5,Feature,sample,1,0,AVG-0473
Dotnet,Average project,James_Taylor,Middle,0.05,5,Bug,sample,1,0,AVG-0474
Dotnet,Average project,James_Taylor,Junior,0.09,5,Bug,sample,1,0,AVG-0475
Dotnet,Average project,James_Taylor,Middle,0.09,4,Bug,sample,0,2,AVG-0476
Dotnet,Average project,James_Taylor,Middle,-0.16,3,Feature,sample,2,1,AVG-0477
Dotnet,Average project,James_Taylor,Senior,-0.09,3,Bug,sample,2,1,AVG-0478
Dotnet,Average project,James_Taylor,Junior,0.02,4,Feature,sample,1,1,AVG-0479
Dotnet,Average project,James_Taylor,Senior,0.23,3,Bug,sample,2,0,AVG-0480
Dotnet,Average project,James_Taylor,Senior,0.11,4,Feature,sample,0,0,AVG-0481
Dotnet,Average project,James_Taylor,Junior,0.04,4,Feature,sample,2,1,AVG-0482
Dotnet,Average project,James_Taylor,Junior,0.14,4,Feature,sample,2,1,AVG-0483
Dotnet,Average project,James_Taylor,Middle,0.03,5,Task,sample,0,1,AVG-0484
Dotnet,Average project,James_Taylor,Senior,-0.02,5,Bug,sample,1,0,AVG-0485
Dotnet,Average project,James_Taylor,Middle,0.04,5,Task,sample,0,0,AVG-0486
Dotnet,Average project,James_Taylor,Middle,0.26,3,Feature,sample,3,0,AVG-0487
Dotnet,Average project,James_Taylor,Junior,0.09,5,Feature,sample,1,0,AVG-0488
Dotnet,Average project,James_Taylor,Senior,0.01,5,Feature,sample,0,1,AVG-0489
Dotnet,Average project,James_Taylor,Middle,-0.11,3,Feature,sample,3,0,AVG-0490
Dotnet,Average project,James_Taylor,Senior,-0.05,5,Bug,sample,1,0,AVG-0491
Dotnet,Average project,James_Taylor,Middle,0.08,5,Feature,sample,0,0,AVG-0492
Dotnet,Average project,James_Taylor,Middle,0.08,5,Feature,sample,0,1,AVG-0493
Dotnet,Average project,James_Taylor,Junior,0.12,3,Bug,sample,2,1,AVG-0494
Dotnet,Average project,James_Taylor,Junior,-0.13,3,Task,sample,3,1,AVG-0495
Dotnet,Average project,James_Taylor,Middle,-0.02,4,Feature,sample,1,1,AVG-0496
Dotnet,Average project,James_Taylor,Middle,-0.08,5,Feature,sample,1,0,AVG-0497
Dotnet,Average project,James_Taylor,Middle,-0.06,3,Bug,sample,3,0,AVG-0498
Dotnet,Average project,James_Taylor,Senior,0.01,5,Bug,sample,1,0,AVG-0499
Dotnet,Average project,James_Taylor,Middle,-0.03,5,Bug,sample,1,0,AVG-0500
Dotnet,Average project,James_Taylor,Middle,0.03,4,Task,sample,1,1,AVG-0501
Dotnet,Average project,James_Taylor,Junior,0.04,3,Feature,sample,2,0,AVG-0502
Dotnet,Average project,James_Taylor,Middle,-0.05,5,Bug,sample,0,0,AVG-0503
Dotnet,Average project,James_Taylor,Middle,0.01,3,Feature,sample,3,1,AVG-0504
Dotnet,Average project,James_Taylor,Middle,0.06,5,Feature,sample,1,0,AVG-0505
Dotnet,Average project,James_Taylor,Senior,0.02,3,Task,sample,1,1,AVG-0506
Dotnet,Average project,James_Taylor,Junior,-0.03,5,Feature,sample,1,0,AVG-0507
Dotnet,Average project,James_Taylor,Junior,-0.01,5,Task,sample,1,0,AVG-0508
Dotnet,Average project,James_Taylor,Middle,0.15,4,Feature,sample,0,0,AVG-0509
Dotnet,Average project,James_Taylor,Senior,0.14,4,Feature,sample,2,1,AVG-0510
Dotnet,Average project,James_Taylor,Middle,-0.08,5,Bug,sample,1,0,AVG-0511
Dotnet,Average project,James_Taylor,Junior,-0.04,3,Feature,sample,3,1,AVG-0512
Dotnet,Average project,James_Taylor,Middle,-0.07,4,Bug,sample,2,1,AVG-0513
Dotnet,Average project,James_Taylor,Junior,-0.05,5,Task,sample,1,0,AVG-0514
Dotnet,Average project,James_Taylor,Middle,0.17,4,Feature,sample,1,1,AVG-0515
Dotnet,Average project,James_Taylor,Junior,0.08,5,Feature,sample,1,0,AVG-0516
Dotnet,Average project,James_Taylor,Middle,0.14,4,Feature,sample,1,1,AVG-0517
Dotnet,Average project,James_Taylor,Middle,0.04,3,Task,sample,1,2,AVG-0518
Dotnet,Average project,James_Taylor,Middle,-0.08,4,Task,sample,0,0,AVG-0519
Dotnet,Average project,James_Taylor,Middle,0,5,Bug,sample,1,0,AVG-0520
"DevOps,Postgres",Average project,James_Taylor,Middle,0.05,2,Bug,sample,4,1,AVG-0521
Dotnet,Average project,James_Taylor,Middle,0.36,2,Feature,sample,3,1,AVG-0522
Dotnet,Average project,James_Taylor,Middle,-1.14,1,Feature,sample,5,5,AVG-0523
"DevOps,Postgres",Average project,James_Taylor,Senior,0.5,2,Feature,sample,2,3,AVG-0524
DevOps,Average project,James_Taylor,Junior,0.44,1,Feature,sample,5,6,AVG-0525
Dotnet,Average project,James_Taylor,Middle,-0.76,1,Feature,sample,6,6,AVG-0526
React,Average project,James_Taylor,Middle,-0.37,2,Bug,sample,4,1,AVG-0527
React,Average project,James_Taylor,Junior,-0.41,2,Feature,sample,2,3,AVG-0528
DevOps,Average project,James_Taylor,Junior,0.39,1,Bug,sample,6,5,AVG-0529
React,Average project,James_Taylor,Senior,-0.79,1,Task,sample,5,3,AVG-0530
"Dotnet,Postgres",Average project,James_Taylor,Middle,-0.42,1,Bug,sample,6,6,AVG-0531
Dotnet,Average project,James_Taylor,Junior,-0.24,2,Task,sample,2,3,AVG-0532
Dotnet,Average project,James_Taylor,Junior,0.6,2,Bug,sample,3,1,AVG-0533
Dotnet,Average project,James_Taylor,Junior,0.21,1,Feature,sample,4,5,AVG-0534
DevOps,Average project,James_Taylor,Senior,0.76,2,Bug,sample,2,4,AVG-0535
React,Average project,James_Taylor,Middle,0.38,2,Task,sample,3,2,AVG-0536
"Dotnet,Postgres",Average project,James_Taylor,Middle,0.28,1,Task,sample,3,4,AVG-0537
"Dotnet,Postgres",Average project,James_Taylor,Middle,-0.67,2,Bug,sample,3,1,AVG-0538
React,Average project,James_Taylor,Senior,-0.05,2,Feature,sample,2,4,AVG-0539
React,Average project,James_Taylor,Junior,-0.36,1,Feature,sample,5,4,AVG-0540
DevOps,Average project,James_Taylor,Junior,0.92,1,Feature,sample,5,3,AVG-0541
DevOps,Average project,James_Taylor,Junior,-0.4,2,Bug,sample,2,4,AVG-0542
Dotnet,Average project,James_Taylor,Senior,0.6,2,Feature,sample,3,2,AVG-0543
React,Average project,James_Taylor,Junior,0.47,2,Bug,sample,2,2,AVG-0544
React,Average project,James_Taylor,Junior,0.52,2,Feature,sample,4,1,AVG-0545
"Dotnet,React",Average project,James_Taylor,Middle,0.13,1,Task,sample,3,3,AVG-0546
"Dotnet,React",Average project,James_Taylor,Junior,-0.08,1,Feature,sample,6,3,AVG-0547
Dotnet,Average project,James_Taylor,Middle,1.03,1,Task,sample,4,5,AVG-0548
"Dotnet,Postgres",Average project,James_Taylor,Middle,0.13,2,Bug,sample,4,1,AVG-0549
Dotnet,Average project,James_Taylor,Middle,0.27,2,Task,sample,4,1,AVG-0550
"React,Dotnet",Average project,Mark_Davis,Junior,-0.07,3,Task,sample,1,2,AVG-0551
React,Average project,Mark_Davis,Middle,0.07,5,Feature,sample,0,1,AVG-0552
"Dotnet,React",Average project,Mark_Davis,Senior,-0.02,5,Task,sample,0,1,AVG-0553
React,Average project,Mark_Davis,Middle,-0.18,3,Feature,sample,3,1,AVG-0554
"Dotnet,React",Average project,Mark_Davis,Junior,0.09,4,Bug,sample,1,1,AVG-0555
Dotnet,Average project,Mark_Davis,Junior,0.04,5,Bug,sample,0,1,AVG-0556
"React,Dotnet",Average project,Mark_Davis,Junior,0.03,4,Bug,sample,0,1,AVG-0557
React,Average project,Mark_Davis,Junior,0.05,4,Feature,sample,0,0,AVG-0558
React,Average project,Mark_Davis,Senior,0.18,4,Task,sample,2,1,AVG-0559
Dotnet,Average project,Mark_Davis,Middle,0,4,Bug,sample,0,1,AVG-0560
Dotnet,Average project,Mark_Davis,Middle,0.12,4,Feature,sample,1,1,AVG-0561
React,Average project,Mark_Davis,Junior,0,5,Bug,sample,0,0,AVG-0562
"Dotnet,React",Average project,Mark_Davis,Middle,-0.08,5,Feature,sample,1,0,AVG-0563
"Dotnet,React",Average project,Mark_Davis,Senior,0.07,3,Feature,sample,1,3,AVG-0564
React,Average project,Mark_Davis,Senior,0.01,5,Feature,sample,0,0,AVG-0565
Dotnet,Average project,Mark_Davis,Junior,-0.08,5,Feature,sample,1,0,AVG-0566
React,Average project,Mark_Davis,Senior,0.06,3,Task,sample,2,0,AVG-0567
"Dotnet,React",Average project,Mark_Davis,Middle,0.08,5,Feature,sample,0,1,AVG-0568
"Dotnet,React",Average project,Mark_Davis,Junior,-0.08,5,Bug,sample,0,0,AVG-0569
"React,Dotnet",Average project,Mark_Davis,Senior,0.26,3,Feature,sample,1,3,AVG-0570
"Dotnet,React",Average project,Mark_Davis,Middle,0.15,4,Feature,sample,1,1,AVG-0571
Dotnet,Average project,Mark_Davis,Senior,0.07,5,Bug,sample,0,0,AVG-0572
"React,Dotnet",Average project,Mark_Davis,Middle,-0.03,4,Bug,sample,2,1,AVG-0573
Dotnet,Average project,Mark_Davis,Junior,0.01,4,Bug,sample,2,1,AVG-0574
"Dotnet,React",Average project,Mark_Davis,Junior,0,5,Feature,sample,0,0,AVG-0575
React,Average project,Mark_Davis,Middle,0.17,4,Feature,sample,0,0,AVG-0576
"React,Dotnet",Average project,Mark_Davis,Middle,0.05,5,Task,sample,0,1,AVG-0577
"React,Dotnet",Average project,Mark_Davis,Middle,0.09,4,Bug,sample,1,1,AVG-0578
React,Average project,Mark_Davis,Middle,-0.12,3,Task,sample,1,2,AVG-0579
React,Average project,Mark_Davis,Junior,-0.03,4,Bug,sample,0,0,AVG-0580
Dotnet,Average project,Mark_Davis,Junior,0.03,5,Task,sample,1,0,AVG-0581
React,Average project,Mark_Davis,Middle,0.02,5,Bug,sample,1,0,AVG-0582
Dotnet,Average project,Mark_Davis,Middle,0.02,5,Bug,sample,0,1,AVG-0583
Dotnet,Average project,Mark_Davis,Middle,-0.04,5,Bug,sample,0,0,AVG-0584
"Dotnet,React",Average project,Mark_Davis,Middle,-0.1,5,Feature,sample,0,0,AVG-0585
"React,Dotnet",Average project,Mark_Davis,Middle,0.13,4,Bug,sample,2,1,AVG-0586
"Dotnet,React",Average project,Mark_Davis,Middle,-0.14,3,Feature,sample,3,0,AVG-0587
"Dotnet,React",Average project,Mark_Davis,Middle,0.1,4,Bug,sample,0,0,AVG-0588
"Dotnet,React",Average project,Mark_Davis,Middle,-0.04,3,Feature,sample,3,1,AVG-0589
Dotnet,Average project,Mark_Davis,Junior,0.27,3,Bug,sample,1,3,AVG-0590
"React,Dotnet",Average project,Mark_Davis,Middle,0.01,4,Feature,sample,2,1,AVG-0591
Dotnet,Average project,Mark_Davis,Middle,0.08,4,Feature,sample,2,1,AVG-0592
"Dotnet,React",Average project,Mark_Davis,Middle,-0.1,5,Feature,sample,0,0,AVG-0593
React,Average project,Mark_Davis,Middle,-0.18,3,Task,sample,2,0,AVG-0594
"Dotnet,React",Average project,Mark_Davis,Middle,-0.08,5,Feature,sample,1,0,AVG-0595
Dotnet,Average project,Mark_Davis,Junior,-0.01,3,Task,sample,3,0,AVG-0596
Dotnet,Average project,Mark_Davis,Middle,-0.04,4,Feature,sample,1,1,AVG-0597
React,Average project,Mark_Davis,Junior,-0.09,3,Feature,sample,3,0,AVG-0598
"React,Dotnet",Average project,Mark_Davis,Junior,-0.06,5,Bug,sample,1,0,AVG-0599
"Dotnet,React",Average project,Mark_Davis,Junior,0.04,4,Task,sample,1,1,AVG-0600
Dotnet,Average project,Mark_Davis,Middle,0.13,3,Feature,sample,3,1,AVG-0601
"React,Dotnet",Average project,Mark_Davis,Middle,-0.16,3,Feature,sample,2,1,AVG-0602
Dotnet,Average project,Mark_Davis,Junior,0.21,3,Bug,sample,3,1,AVG-0603
"Dotnet,React",Average project,Mark_Davis,Middle,-0.2,3,Feature,sample,2,1,AVG-0604
"React,Dotnet",Average project,Mark_Davis,Junior,-0.06,5,Task,sample,0,0,AVG-0605
"React,Dotnet",Average project,Mark_Davis,Middle,0.08,4,Bug,sample,0,0,AVG-0606
React,Average project,Mark_Davis,Middle,0.04,5,Feature,sample,1,0,AVG-0607
"React,Dotnet",Average project,Mark_Davis,Senior,-0.06,5,Feature,sample,1,0,AVG-0608
"React,Dotnet",Average project,Mark_Davis,Junior,0.05,5,Bug,sample,0,0,AVG-0609
"React,Dotnet",Average project,Mark_Davis,Junior,0.01,5,Bug,sample,1,0,AVG-0610
"React,Dotnet",Average project,Mark_Davis,Senior,0.13,4,Bug,sample,1,1,AVG-0611
React,Average project,Mark_Davis,Middle,0.16,3,Feature,sample,3,0,AVG-0612
React,Average project,Mark_Davis,Middle,-0.02,5,Bug,sample,1,0,AVG-0613
"Dotnet,React",Average project,Mark_Davis,Junior,-0.06,5,Feature,sample,0,1,AVG-0614
Dotnet,Average project,Mark_Davis,Senior,0.13,4,Bug,sample,0,0,AVG-0615
"React,Dotnet",Average project,Mark_Davis,Middle,-0.07,4,Feature,sample,1,1,AVG-0616
"React,Dotnet",Average project,Mark_Davis,Middle,0.17,4,Bug,sample,1,1,AVG-0617
Dotnet,Average project,Mark_Davis,Middle,-0.1,5,Bug,sample,0,1,AVG-0618
React,Average project,Mark_Davis,Middle,0.09,5,Feature,sample,0,1,AVG-0619
Dotnet,Average project,Mark_Davis,Middle,0.08,5,Feature,sample,0,0,AVG-0620
React,Average project,Mark_Davis,Middle,0.07,5,Task,sample,1,0,AVG-0621
"React,Dotnet",Average project,Mark_Davis,Junior,-0.17,3,Feature,sample,1,3,AVG-0622
"Dotnet,React",Average project,Mark_Davis,Senior,-0.04,5,Bug,sample,1,0,AVG-0623
React,Average project,Mark_Davis,Senior,0.06,3,Feature,sample,2,1,AVG-0624
"Dotnet,React",Average project,Mark_Davis,Middle,0.09,3,Feature,sample,1,3,AVG-0625
Dotnet,Average project,Mark_Davis,Middle,-0.09,4,Feature,sample,1,1,AVG-0626
"Dotnet,React",Average project,Mark_Davis,Middle,0.17,3,Bug,sample,3,1,AVG-0627
Dotnet,Average project,Mark_Davis,Junior,-0.08,4,Bug,sample,0,0,AVG-0628
React,Average project,Mark_Davis,Middle,0.02,5,Feature,sample,1,0,AVG-0629
React,Average project,Mark_Davis,Middle,0.06,4,Feature,sample,1,1,AVG-0630
"Dotnet,Postgres",Average project,Mark_Davis,Middle,-0.69,2,Bug,sample,4,1,AVG-0631
DevOps,Average project,Mark_Davis,Middle,0,1,Task,sample,6,5,AVG-0632
Dotnet,Average project,Mark_Davis,Middle,0.16,2,Bug,sample,2,2,AVG-0633
Dotnet,Average project,Mark_Davis,Middle,1.08,1,Feature,sample,6,3,AVG-0634
Dotnet,Average project,Mark_Davis,Middle,-0.24,2,Feature,sample,2,3,AVG-0635
DevOps,Average project,Mark_Davis,Middle,-0.57,2,Feature,sample,4,1,AVG-0636
React,Average project,Mark_Davis,Junior,0.02,2,Bug,sample,2,2,AVG-0637
"Dotnet,Postgres",Average project,Mark_Davis,Middle,0.35,2,Feature,sample,2,4,AVG-0638
Dotnet,Average project,Mark_Davis,Middle,-0.61,1,Feature,sample,4,3,AVG-0639
Dotnet,Average project,Mark_Davis,Senior,1,1,Task,sample,3,3,AVG-0640
Dotnet,Average project,Mark_Davis,Middle,-0.09,2,Feature,sample,2,3,AVG-0641
React,Average project,Mark_Davis,Junior,0.51,1,Feature,sample,6,4,AVG-0642
Dotnet,Average project,Mark_Davis,Middle,0.71,2,Bug,sample,3,2,AVG-0643
"Dotnet,Postgres",Average project,Mark_Davis,Middle,-0.67,2,Task,sample,4,2,AVG-0644
React,Average project,Mark_Davis,Middle,0.33,2,Bug,sample,4,2,AVG-0645
"DevOps,Postgres",Average project,Mark_Davis,Junior,-0.67,2,Feature,sample,3,1,AVG-0646
React,Average project,Mark_Davis,Middle,0.7,2,Feature,sample,4,2,AVG-0647
React,Average project,Mark_Davis,Junior,-0.43,2,Feature,sample,3,2,AVG-0648
"DevOps,Postgres",Average project,Mark_Davis,Middle,-0.37,2,Bug,sample,4,1,AVG-0649
Dotnet,Average project,Mark_Davis,Senior,0.16,2,Feature,sample,4,2,AVG-0650
Dotnet,Average project,Mark_Davis,Senior,0.07,2,Task,sample,2,4,AVG-0651
"Dotnet,Postgres",Average project,Mark_Davis,Middle,0.1,2,Feature,sample,2,2,AVG-0652
DevOps,Average project,Mark_Davis,Senior,-0.21,2,Feature,sample,4,2,AVG-0653
DevOps,Average project,Mark_Davis,Middle,0.11,1,Bug,sample,6,6,AVG-0654
"DevOps,Postgres",Average project,Mark_Davis,Middle,0.65,2,Bug,sample,3,1,AVG-0655
Dotnet,Average project,Mark_Davis,Junior,0.21,2,Bug,sample,4,2,AVG-0656
Dotnet,Average project,Mark_Davis,Middle,0.11,2,Feature,sample,2,4,AVG-0657
"Dotnet,Postgres",Average project,Mark_Davis,Middle,-1.22,1,Feature,sample,4,3,AVG-0658
React,Average project,Mark_Davis,Junior,-0.32,2,Feature,sample,2,4,AVG-0659
"Dotnet,Postgres",Average project,Mark_Davis,Junior,0.13,2,Bug,sample,4,2,AVG-0660
"DevOps,React",Average project,Rafael_Welch,Middle,0.07,3,Feature,sample,3,1,AVG-0661
"React,DevOps",Average project,Rafael_Welch,Junior,0.18,3,Bug,sample,1,2,AVG-0662
DevOps,Average project,Rafael_Welch,Middle,-0.05,4,Feature,sample,2,1,AVG-0663
React,Average project,Rafael_Welch,Junior,0.18,4,Feature,sample,1,1,AVG-0664
DevOps,Average project,Rafael_Welch,Middle,-0.11,3,Feature,sample,1,2,AVG-0665
"DevOps,React",Average project,Rafael_Welch,Junior,-0.2,3,Feature,sample,1,3,AVG-0666
"DevOps,React",Average project,Rafael_Welch,Middle,0.06,5,Feature,sample,0,1,AVG-0667
React,Average project,Rafael_Welch,Junior,-0.17,3,Feature,sample,1,2,AVG-0668
React,Average project,Rafael_Welch,Middle,-0.05,5,Bug,sample,0,0,AVG-0669
"DevOps,React",Average project,Rafael_Welch,Senior,-0.09,4,Bug,sample,1,1,AVG-0670
DevOps,Average project,Rafael_Welch,Senior,0.16,4,Feature,sample,1,1,AVG-0671
"React,DevOps",Average project,Rafael_Welch,Middle,-0.03,5,Task,sample,1,0,AVG-0672
React,Average project,Rafael_Welch,Senior,0.05,5,Feature,sample,0,1,AVG-0673
"DevOps,React",Average project,Rafael_Welch,Middle,0.19,3,Bug,sample,2,0,AVG-0674
React,Average project,Rafael_Welch,Junior,0.03,4,Bug,sample,0,0,AVG-0675
React,Average project,Rafael_Welch,Middle,0.19,4,Feature,sample,0,2,AVG-0676
"DevOps,React",Average project,Rafael_Welch,Middle,0,5,Bug,sample,0,0,AVG-0677
DevOps,Average project,Rafael_Welch,Senior,-0.05,3,Feature,sample,3,0,AVG-0678
"DevOps,React",Average project,Rafael_Welch,Junior,0.11,4,Bug,sample,1,1,AVG-0679
"React,DevOps",Average project,Rafael_Welch,Senior,-0.06,4,Feature,sample,0,2,AVG-0680
DevOps,Average project,Rafael_Welch,Middle,0.02,5,Feature,sample,1,0,AVG-0681
"DevOps,React",Average project,Rafael_Welch,Junior,-0.07,5,Feature,sample,0,1,AVG-0682
"DevOps,React",Average project,Rafael_Welch,Middle,-0.05,4,Bug,sample,2,1,AVG-0683
"React,DevOps",Average project,Rafael_Welch,Middle,-0.08,4,Task,sample,1,1,AVG-0684
"React,DevOps",Average project,Rafael_Welch,Middle,0.06,5,Feature,sample,1,0,AVG-0685
"DevOps,React",Average project,Rafael_Welch,Middle,-0.04,5,Feature,sample,0,0,AVG-0686
"React,DevOps",Average project,Rafael_Welch,Middle,-0.01,5,Task,sample,0,1,AVG-0687
"React,DevOps",Average project,Rafael_Welch,Middle,0.22,3,Bug,sample,2,0,AVG-0688
"React,DevOps",Average project,Rafael_Welch,Junior,0.09,5,Bug,sample,0,1,AVG-0689
React,Average project,Rafael_Welch,Middle,0.08,4,Feature,sample,0,1,AVG-0690
DevOps,Average project,Rafael_Welch,Junior,0.21,3,Feature,sample,1,2,AVG-0691
DevOps,Average project,Rafael_Welch,Middle,-0.16,3,Feature,sample,1,3,AVG-0692
"DevOps,React",Average project,Rafael_Welch,Junior,0.03,4,Feature,sample,0,0,AVG-0693
"DevOps,React",Average project,Rafael_Welch,Middle,0.02,5,Bug,sample,1,0,AVG-0694
DevOps,Average project,Rafael_Welch,Middle,-0.08,5,Feature,sample,0,0,AVG-0695
"DevOps,React",Average project,Rafael_Welch,Senior,-0.09,5,Bug,sample,0,1,AVG-0696
React,Average project,Rafael_Welch,Middle,-0.01,5,Bug,sample,1,0,AVG-0697
React,Average project,Rafael_Welch,Junior,0.04,5,Feature,sample,0,0,AVG-0698
React,Average project,Rafael_Welch,Middle,0.07,4,Bug,sample,0,1,AVG-0699
"React,DevOps",Average project,Rafael_Welch,Middle,-0.05,5,Bug,sample,1,0,AVG-0700
"React,DevOps",Average project,Rafael_Welch,Middle,-0.1,3,Task,sample,1,1,AVG-0701
DevOps,Average project,Rafael_Welch,Junior,-0.16,3,Feature,sample,3,1,AVG-0702
React,Average project,Rafael_Welch,Middle,-0.07,4,Bug,sample,2,1,AVG-0703
"DevOps,React",Average project,Rafael_Welch,Middle,0.03,3,Task,sample,3,1,AVG-0704
React,Average project,Rafael_Welch,Junior,0.17,4,Bug,sample,1,1,AVG-0705
DevOps,Average project,Rafael_Welch,Junior,0,3,Feature,sample,3,0,AVG-0706
"React,DevOps",Average project,Rafael_Welch,Junior,-0.09,4,Feature,sample,2,1,AVG-0707
"React,DevOps",Average project,Rafael_Welch,Middle,0.06,4,Bug,sample,1,1,AVG-0708
"React,DevOps",Average project,Rafael_Welch,Middle,-0.06,4,Task,sample,0,1,AVG-0709
"DevOps,React",Average project,Rafael_Welch,Junior,0.19,4,Bug,sample,1,1,AVG-0710
"React,DevOps",Average project,Rafael_Welch,Middle,-0.09,5,Feature,sample,1,0,AVG-0711
DevOps,Average project,Rafael_Welch,Senior,-0.06,4,Task,sample,2,1,AVG-0712
"React,DevOps",Average project,Rafael_Welch,Senior,-0.01,4,Task,sample,0,2,AVG-0713
DevOps,Average project,Rafael_Welch,Middle,0.21,3,Feature,sample,2,1,AVG-0714
DevOps,Average project,Rafael_Welch,Junior,0,5,Feature,sample,0,1,AVG-0715
"DevOps,React",Average project,Rafael_Welch,Senior,0.28,3,Feature,sample,1,1,AVG-0716
"React,DevOps",Average project,Rafael_Welch,Middle,0.07,4,Bug,sample,1,1,AVG-0717
DevOps,Average project,Rafael_Welch,Middle,0.06,5,Feature,sample,0,1,AVG-0718
"DevOps,React",Average project,Rafael_Welch,Middle,-0.06,5,Feature,sample,1,0,AVG-0719
"React,DevOps",Average project,Rafael_Welch,Junior,-0.06,4,Bug,sample,2,1,AVG-0720
"React,DevOps",Average project,Rafael_Welch,Junior,0.07,3,Feature,sample,2,1,AVG-0721
DevOps,Average project,Rafael_Welch,Middle,0.04,4,Task,sample,1,1,AVG-0722
React,Average project,Rafael_Welch,Senior,0.03,5,Task,sample,1,0,AVG-0723
React,Average project,Rafael_Welch,Senior,0.03,5,Task,sample,0,1,AVG-0724
"React,DevOps",Average project,Rafael_Welch,Junior,0.27,3,Bug,sample,2,0,AVG-0725
React,Average project,Rafael_Welch,Middle,-0.07,5,Bug,sample,0,0,AVG-0726
DevOps,Average project,Rafael_Welch,Senior,0.1,3,Feature,sample,3,0,AVG-0727
DevOps,Average project,Rafael_Welch,Senior,0.07,5,Feature,sample,1,0,AVG-0728
"DevOps,React",Average project,Rafael_Welch,Senior,0.03,4,Bug,sample,0,1,AVG-0729
"React,DevOps",Average project,Rafael_Welch,Middle,-0.04,5,Feature,sample,0,1,AVG-0730
"DevOps,React",Average project,Rafael_Welch,Middle,0.14,4,Feature,sample,2,1,AVG-0731
React,Average project,Rafael_Welch,Middle,0.01,5,Feature,sample,0,1,AVG-0732
DevOps,Average project,Rafael_Welch,Middle,-0.1,5,Bug,sample,0,1,AVG-0733
React,Average project,Rafael_Welch,Junior,0.13,4,Bug,sample,2,1,AVG-0734
"React,DevOps",Average project,Rafael_Welch,Senior,-0.02,5,Feature,sample,1,0,AVG-0735
"React,DevOps",Average project,Rafael_Welch,Middle,0.08,5,Bug,sample,0,1,AVG-0736
"DevOps,React",Average project,Rafael_Welch,Senior,0.05,5,Task,sample,1,0,AVG-0737
"React,DevOps",Average project,Rafael_Welch,Junior,-0.07,5,Bug,sample,1,0,AVG-0738
DevOps,Average project,Rafael_Welch,Senior,-0.01,4,Bug,sample,0,1,AVG-0739
"React,DevOps",Average project,Rafael_Welch,Junior,-0.16,3,Task,sample,1,3,AVG-0740
"DevOps,Postgres",Average project,Rafael_Welch,Junior,0.6,2,Bug,sample,4,1,AVG-0741
React,Average project,Rafael_Welch,Middle,-0.1,2,Feature,sample,2,4,AVG-0742
DevOps,Average project,Rafael_Welch,Middle,0.59,2,Bug,sample,4,1,AVG-0743
"Dotnet,React",Average project,Rafael_Welch,Middle,-0.7,2,Feature,sample,4,1,AVG-0744
Dotnet,Average project,Rafael_Welch,Middle,-0.04,2,Feature,sample,4,1,AVG-0745
React,Average project,Rafael_Welch,Middle,-0.42,2,Bug,sample,4,1,AVG-0746
DevOps,Average project,Rafael_Welch,Middle,0.3,2,Feature,sample,3,2,AVG-0747
React,Average project,Rafael_Welch,Middle,-0.39,2,Feature,sample,2,2,AVG-0748
React,Average project,Rafael_Welch,Senior,-0.11,2,Bug,sample,2,4,AVG-0749
Dotnet,Average project,Rafael_Welch,Junior,-0.56,2,Task,sample,3,2,AVG-0750
"Dotnet,Postgres",Average project,Rafael_Welch,Senior,-0.5,2,Bug,sample,2,4,AVG-0751
React,Average project,Rafael_Welch,Middle,-0.58,2,Bug,sample,3,1,AVG-0752
"DevOps,Postgres",Average project,Rafael_Welch,Junior,0.7,2,Feature,sample,2,2,AVG-0753
"Dotnet,Postgres",Average project,Rafael_Welch,Junior,-0.69,2,Bug,sample,3,2,AVG-0754
Dotnet,Average project,Rafael_Welch,Junior,-0.49,2,Feature,sample,4,2,AVG-0755
"Dotnet,Postgres",Average project,Rafael_Welch,Junior,0.25,2,Task,sample,3,1,AVG-0756
React,Average project,Rafael_Welch,Senior,-1.48,1,Feature,sample,5,4,AVG-0757
"Dotnet,Postgres",Average project,Rafael_Welch,Junior,0.26,2,Bug,sample,4,1,AVG-0758
"Dotnet,Postgres",Average project,Rafael_Welch,Senior,-0.67,2,Bug,sample,4,1,AVG-0759
React,Average project,Rafael_Welch,Middle,-0.02,2,Bug,sample,4,2,AVG-0760
Dotnet,Average project,Rafael_Welch,Senior,-0.08,2,Feature,sample,2,2,AVG-0761
Dotnet,Average project,Rafael_Welch,Middle,-0.43,2,Feature,sample,3,2,AVG-0762
"DevOps,Postgres",Average project,Rafael_Welch,Middle,-0.61,1,Bug,sample,4,5,AVG-0763
Dotnet,Average project,Rafael_Welch,Junior,-0.37,2,Feature,sample,4,2,AVG-0764
React,Average project,Rafael_Welch,Senior,0.32,2,Feature,sample,3,2,AVG-0765
React,Average project,Rafael_Welch,Middle,-0.19,2,Feature,sample,4,1,AVG-0766
Dotnet,Average project,Rafael_Welch,Middle,0.04,2,Feature,sample,2,4,AVG-0767
DevOps,Average project,Rafael_Welch,Senior,-0.53,2,Feature,sample,3,1,AVG-0768
DevOps,Average project,Rafael_Welch,Middle,0.74,2,Bug,sample,4,1,AVG-0769
"Dotnet,React",Average project,Rafael_Welch,Middle,0.43,2,Feature,sample,3,1,AVG-0770
